file_ref,file_dis,dmos
UGC0241_1280x720_30_crf_00.mp4,UGC0241_1280x720_30_crf_00.mp4,5.0000
UGC0241_1280x720_30_crf_00.mp4,UGC0241_1280x720_30_crf_17.mp4,5.0278
UGC0241_1280x720_30_crf_00.mp4,UGC0241_1280x720_30_crf_22.mp4,4.8333
UGC0241_1280x720_30_crf_00.mp4,UGC0241_1280x720_30_crf_27.mp4,4.8056
UGC0241_1280x720_30_crf_00.mp4,UGC0241_1280x720_30_crf_32.mp4,4.5278
UGC0241_1280x720_30_crf_00.mp4,UGC0241_1280x720_30_crf_37.mp4,3.7500
UGC0241_1280x720_30_crf_00.mp4,UGC0241_1280x720_30_crf_42.mp4,2.5833
UGC0241_1280x720_30_crf_00.mp4,UGC0241_1280x720_30_crf_47.mp4,1.9444
UGC0272_720x1280_30_crf_00.mp4,UGC0272_720x1280_30_crf_00.mp4,5.0000
UGC0272_720x1280_30_crf_00.mp4,UGC0272_720x1280_30_crf_17.mp4,4.5833
UGC0272_720x1280_30_crf_00.mp4,UGC0272_720x1280_30_crf_22.mp4,4.3611
UGC0272_720x1280_30_crf_00.mp4,UGC0272_720x1280_30_crf_27.mp4,4.5278
UGC0272_720x1280_30_crf_00.mp4,UGC0272_720x1280_30_crf_32.mp4,4.1667
UGC0272_720x1280_30_crf_00.mp4,UGC0272_720x1280_30_crf_37.mp4,3.3333
UGC0272_720x1280_30_crf_00.mp4,UGC0272_720x1280_30_crf_42.mp4,2.5000
UGC0272_720x1280_30_crf_00.mp4,UGC0272_720x1280_30_crf_47.mp4,1.6667
UGC0318_1280x720_30_crf_00.mp4,UGC0318_1280x720_30_crf_00.mp4,5.0000
UGC0318_1280x720_30_crf_00.mp4,UGC0318_1280x720_30_crf_17.mp4,4.9143
UGC0318_1280x720_30_crf_00.mp4,UGC0318_1280x720_30_crf_22.mp4,4.9143
UGC0318_1280x720_30_crf_00.mp4,UGC0318_1280x720_30_crf_27.mp4,4.8000
UGC0318_1280x720_30_crf_00.mp4,UGC0318_1280x720_30_crf_32.mp4,4.4286
UGC0318_1280x720_30_crf_00.mp4,UGC0318_1280x720_30_crf_37.mp4,3.3143
UGC0318_1280x720_30_crf_00.mp4,UGC0318_1280x720_30_crf_42.mp4,1.9143
UGC0318_1280x720_30_crf_00.mp4,UGC0318_1280x720_30_crf_47.mp4,1.4286
UGC0123_720x1280_30_crf_00.mp4,UGC0123_720x1280_30_crf_00.mp4,5.0000
UGC0123_720x1280_30_crf_00.mp4,UGC0123_720x1280_30_crf_17.mp4,4.2333
UGC0123_720x1280_30_crf_00.mp4,UGC0123_720x1280_30_crf_22.mp4,4.2000
UGC0123_720x1280_30_crf_00.mp4,UGC0123_720x1280_30_crf_27.mp4,4.3667
UGC0123_720x1280_30_crf_00.mp4,UGC0123_720x1280_30_crf_32.mp4,4.1667
UGC0123_720x1280_30_crf_00.mp4,UGC0123_720x1280_30_crf_37.mp4,3.1667
UGC0123_720x1280_30_crf_00.mp4,UGC0123_720x1280_30_crf_42.mp4,1.6667
UGC0123_720x1280_30_crf_00.mp4,UGC0123_720x1280_30_crf_47.mp4,1.1333
UGC0827_720x1280_30_crf_00.mp4,UGC0827_720x1280_30_crf_00.mp4,5.0000
UGC0827_720x1280_30_crf_00.mp4,UGC0827_720x1280_30_crf_17.mp4,4.5667
UGC0827_720x1280_30_crf_00.mp4,UGC0827_720x1280_30_crf_22.mp4,4.6333
UGC0827_720x1280_30_crf_00.mp4,UGC0827_720x1280_30_crf_27.mp4,4.2333
UGC0827_720x1280_30_crf_00.mp4,UGC0827_720x1280_30_crf_32.mp4,4.1000
UGC0827_720x1280_30_crf_00.mp4,UGC0827_720x1280_30_crf_37.mp4,2.8000
UGC0827_720x1280_30_crf_00.mp4,UGC0827_720x1280_30_crf_42.mp4,2.0333
UGC0827_720x1280_30_crf_00.mp4,UGC0827_720x1280_30_crf_47.mp4,1.1333
UGC0373_720x1280_30_crf_00.mp4,UGC0373_720x1280_30_crf_00.mp4,5.0000
UGC0373_720x1280_30_crf_00.mp4,UGC0373_720x1280_30_crf_17.mp4,4.9643
UGC0373_720x1280_30_crf_00.mp4,UGC0373_720x1280_30_crf_22.mp4,5.0714
UGC0373_720x1280_30_crf_00.mp4,UGC0373_720x1280_30_crf_27.mp4,4.0714
UGC0373_720x1280_30_crf_00.mp4,UGC0373_720x1280_30_crf_32.mp4,4.2500
UGC0373_720x1280_30_crf_00.mp4,UGC0373_720x1280_30_crf_37.mp4,3.4286
UGC0373_720x1280_30_crf_00.mp4,UGC0373_720x1280_30_crf_42.mp4,2.4643
UGC0373_720x1280_30_crf_00.mp4,UGC0373_720x1280_30_crf_47.mp4,1.7857
UGC0385_720x1280_30_crf_00.mp4,UGC0385_720x1280_30_crf_00.mp4,5.0000
UGC0385_720x1280_30_crf_00.mp4,UGC0385_720x1280_30_crf_17.mp4,5.0357
UGC0385_720x1280_30_crf_00.mp4,UGC0385_720x1280_30_crf_22.mp4,5.1786
UGC0385_720x1280_30_crf_00.mp4,UGC0385_720x1280_30_crf_27.mp4,5.1071
UGC0385_720x1280_30_crf_00.mp4,UGC0385_720x1280_30_crf_32.mp4,4.5000
UGC0385_720x1280_30_crf_00.mp4,UGC0385_720x1280_30_crf_37.mp4,3.0357
UGC0385_720x1280_30_crf_00.mp4,UGC0385_720x1280_30_crf_42.mp4,2.4286
UGC0385_720x1280_30_crf_00.mp4,UGC0385_720x1280_30_crf_47.mp4,1.8571
UGC0386_1280x720_30_crf_00.mp4,UGC0386_1280x720_30_crf_00.mp4,5.0000
UGC0386_1280x720_30_crf_00.mp4,UGC0386_1280x720_30_crf_17.mp4,4.3333
UGC0386_1280x720_30_crf_00.mp4,UGC0386_1280x720_30_crf_22.mp4,4.7273
UGC0386_1280x720_30_crf_00.mp4,UGC0386_1280x720_30_crf_27.mp4,4.6061
UGC0386_1280x720_30_crf_00.mp4,UGC0386_1280x720_30_crf_32.mp4,4.3939
UGC0386_1280x720_30_crf_00.mp4,UGC0386_1280x720_30_crf_37.mp4,3.7273
UGC0386_1280x720_30_crf_00.mp4,UGC0386_1280x720_30_crf_42.mp4,1.9697
UGC0386_1280x720_30_crf_00.mp4,UGC0386_1280x720_30_crf_47.mp4,1.6970
UGC0616_720x1280_30_crf_00.mp4,UGC0616_720x1280_30_crf_00.mp4,5.0000
UGC0616_720x1280_30_crf_00.mp4,UGC0616_720x1280_30_crf_17.mp4,4.1613
UGC0616_720x1280_30_crf_00.mp4,UGC0616_720x1280_30_crf_22.mp4,4.9677
UGC0616_720x1280_30_crf_00.mp4,UGC0616_720x1280_30_crf_27.mp4,3.8710
UGC0616_720x1280_30_crf_00.mp4,UGC0616_720x1280_30_crf_32.mp4,3.1290
UGC0616_720x1280_30_crf_00.mp4,UGC0616_720x1280_30_crf_37.mp4,3.0645
UGC0616_720x1280_30_crf_00.mp4,UGC0616_720x1280_30_crf_42.mp4,1.5484
UGC0616_720x1280_30_crf_00.mp4,UGC0616_720x1280_30_crf_47.mp4,1.0968
UGC0718_720x1280_30_crf_00.mp4,UGC0718_720x1280_30_crf_00.mp4,5.0000
UGC0718_720x1280_30_crf_00.mp4,UGC0718_720x1280_30_crf_17.mp4,4.6765
UGC0718_720x1280_30_crf_00.mp4,UGC0718_720x1280_30_crf_22.mp4,4.6765
UGC0718_720x1280_30_crf_00.mp4,UGC0718_720x1280_30_crf_27.mp4,5.0882
UGC0718_720x1280_30_crf_00.mp4,UGC0718_720x1280_30_crf_32.mp4,4.9118
UGC0718_720x1280_30_crf_00.mp4,UGC0718_720x1280_30_crf_37.mp4,4.3529
UGC0718_720x1280_30_crf_00.mp4,UGC0718_720x1280_30_crf_42.mp4,2.8235
UGC0718_720x1280_30_crf_00.mp4,UGC0718_720x1280_30_crf_47.mp4,1.8235
UGC0098_720x1280_30_crf_00.mp4,UGC0098_720x1280_30_crf_00.mp4,5.0000
UGC0098_720x1280_30_crf_00.mp4,UGC0098_720x1280_30_crf_17.mp4,5.0000
UGC0098_720x1280_30_crf_00.mp4,UGC0098_720x1280_30_crf_22.mp4,4.7059
UGC0098_720x1280_30_crf_00.mp4,UGC0098_720x1280_30_crf_27.mp4,4.7647
UGC0098_720x1280_30_crf_00.mp4,UGC0098_720x1280_30_crf_32.mp4,3.5294
UGC0098_720x1280_30_crf_00.mp4,UGC0098_720x1280_30_crf_37.mp4,2.4412
UGC0098_720x1280_30_crf_00.mp4,UGC0098_720x1280_30_crf_42.mp4,1.7353
UGC0098_720x1280_30_crf_00.mp4,UGC0098_720x1280_30_crf_47.mp4,1.9412
UGC0363_720x1280_30_crf_00.mp4,UGC0363_720x1280_30_crf_00.mp4,5.0000
UGC0363_720x1280_30_crf_00.mp4,UGC0363_720x1280_30_crf_17.mp4,4.3235
UGC0363_720x1280_30_crf_00.mp4,UGC0363_720x1280_30_crf_22.mp4,4.2647
UGC0363_720x1280_30_crf_00.mp4,UGC0363_720x1280_30_crf_27.mp4,3.9412
UGC0363_720x1280_30_crf_00.mp4,UGC0363_720x1280_30_crf_32.mp4,4.5000
UGC0363_720x1280_30_crf_00.mp4,UGC0363_720x1280_30_crf_37.mp4,3.7353
UGC0363_720x1280_30_crf_00.mp4,UGC0363_720x1280_30_crf_42.mp4,1.8235
UGC0363_720x1280_30_crf_00.mp4,UGC0363_720x1280_30_crf_47.mp4,1.0882
UGC0714_720x1280_30_crf_00.mp4,UGC0714_720x1280_30_crf_00.mp4,5.0000
UGC0714_720x1280_30_crf_00.mp4,UGC0714_720x1280_30_crf_17.mp4,5.1765
UGC0714_720x1280_30_crf_00.mp4,UGC0714_720x1280_30_crf_22.mp4,5.1176
UGC0714_720x1280_30_crf_00.mp4,UGC0714_720x1280_30_crf_27.mp4,5.2059
UGC0714_720x1280_30_crf_00.mp4,UGC0714_720x1280_30_crf_32.mp4,4.8235
UGC0714_720x1280_30_crf_00.mp4,UGC0714_720x1280_30_crf_37.mp4,3.7353
UGC0714_720x1280_30_crf_00.mp4,UGC0714_720x1280_30_crf_42.mp4,1.9706
UGC0714_720x1280_30_crf_00.mp4,UGC0714_720x1280_30_crf_47.mp4,1.7941
UGC0035_720x1280_30_crf_00.mp4,UGC0035_720x1280_30_crf_00.mp4,5.0000
UGC0035_720x1280_30_crf_00.mp4,UGC0035_720x1280_30_crf_17.mp4,5.1111
UGC0035_720x1280_30_crf_00.mp4,UGC0035_720x1280_30_crf_22.mp4,5.1667
UGC0035_720x1280_30_crf_00.mp4,UGC0035_720x1280_30_crf_27.mp4,5.0833
UGC0035_720x1280_30_crf_00.mp4,UGC0035_720x1280_30_crf_32.mp4,4.4444
UGC0035_720x1280_30_crf_00.mp4,UGC0035_720x1280_30_crf_37.mp4,3.6389
UGC0035_720x1280_30_crf_00.mp4,UGC0035_720x1280_30_crf_42.mp4,2.8889
UGC0035_720x1280_30_crf_00.mp4,UGC0035_720x1280_30_crf_47.mp4,2.1667
UGC0790_720x1280_30_crf_00.mp4,UGC0790_720x1280_30_crf_00.mp4,5.0000
UGC0790_720x1280_30_crf_00.mp4,UGC0790_720x1280_30_crf_17.mp4,4.6944
UGC0790_720x1280_30_crf_00.mp4,UGC0790_720x1280_30_crf_22.mp4,5.0000
UGC0790_720x1280_30_crf_00.mp4,UGC0790_720x1280_30_crf_27.mp4,4.7500
UGC0790_720x1280_30_crf_00.mp4,UGC0790_720x1280_30_crf_32.mp4,3.6667
UGC0790_720x1280_30_crf_00.mp4,UGC0790_720x1280_30_crf_37.mp4,3.1667
UGC0790_720x1280_30_crf_00.mp4,UGC0790_720x1280_30_crf_42.mp4,1.8333
UGC0790_720x1280_30_crf_00.mp4,UGC0790_720x1280_30_crf_47.mp4,1.4167
UGC0031_720x1280_30_crf_00.mp4,UGC0031_720x1280_30_crf_00.mp4,5.0000
UGC0031_720x1280_30_crf_00.mp4,UGC0031_720x1280_30_crf_17.mp4,4.0286
UGC0031_720x1280_30_crf_00.mp4,UGC0031_720x1280_30_crf_22.mp4,4.2286
UGC0031_720x1280_30_crf_00.mp4,UGC0031_720x1280_30_crf_27.mp4,3.9429
UGC0031_720x1280_30_crf_00.mp4,UGC0031_720x1280_30_crf_32.mp4,3.4571
UGC0031_720x1280_30_crf_00.mp4,UGC0031_720x1280_30_crf_37.mp4,3.5429
UGC0031_720x1280_30_crf_00.mp4,UGC0031_720x1280_30_crf_42.mp4,1.8571
UGC0031_720x1280_30_crf_00.mp4,UGC0031_720x1280_30_crf_47.mp4,1.1429
UGC0145_720x1280_30_crf_00.mp4,UGC0145_720x1280_30_crf_00.mp4,5.0000
UGC0145_720x1280_30_crf_00.mp4,UGC0145_720x1280_30_crf_17.mp4,4.4737
UGC0145_720x1280_30_crf_00.mp4,UGC0145_720x1280_30_crf_22.mp4,5.0000
UGC0145_720x1280_30_crf_00.mp4,UGC0145_720x1280_30_crf_27.mp4,4.3421
UGC0145_720x1280_30_crf_00.mp4,UGC0145_720x1280_30_crf_32.mp4,3.8947
UGC0145_720x1280_30_crf_00.mp4,UGC0145_720x1280_30_crf_37.mp4,3.3947
UGC0145_720x1280_30_crf_00.mp4,UGC0145_720x1280_30_crf_42.mp4,3.5000
UGC0145_720x1280_30_crf_00.mp4,UGC0145_720x1280_30_crf_47.mp4,2.5526
UGC0758_720x1280_30_crf_00.mp4,UGC0758_720x1280_30_crf_00.mp4,5.0000
UGC0758_720x1280_30_crf_00.mp4,UGC0758_720x1280_30_crf_17.mp4,4.5882
UGC0758_720x1280_30_crf_00.mp4,UGC0758_720x1280_30_crf_22.mp4,4.4706
UGC0758_720x1280_30_crf_00.mp4,UGC0758_720x1280_30_crf_27.mp4,4.2941
UGC0758_720x1280_30_crf_00.mp4,UGC0758_720x1280_30_crf_32.mp4,3.5882
UGC0758_720x1280_30_crf_00.mp4,UGC0758_720x1280_30_crf_37.mp4,2.7647
UGC0758_720x1280_30_crf_00.mp4,UGC0758_720x1280_30_crf_42.mp4,1.6471
UGC0758_720x1280_30_crf_00.mp4,UGC0758_720x1280_30_crf_47.mp4,1.1765
UGC1000_720x1280_30_crf_00.mp4,UGC1000_720x1280_30_crf_00.mp4,5.0000
UGC1000_720x1280_30_crf_00.mp4,UGC1000_720x1280_30_crf_17.mp4,4.2941
UGC1000_720x1280_30_crf_00.mp4,UGC1000_720x1280_30_crf_22.mp4,4.2353
UGC1000_720x1280_30_crf_00.mp4,UGC1000_720x1280_30_crf_27.mp4,4.0294
UGC1000_720x1280_30_crf_00.mp4,UGC1000_720x1280_30_crf_32.mp4,3.6765
UGC1000_720x1280_30_crf_00.mp4,UGC1000_720x1280_30_crf_37.mp4,2.5294
UGC1000_720x1280_30_crf_00.mp4,UGC1000_720x1280_30_crf_42.mp4,1.5294
UGC1000_720x1280_30_crf_00.mp4,UGC1000_720x1280_30_crf_47.mp4,1.0588
UGC0250_720x1280_30_crf_00.mp4,UGC0250_720x1280_30_crf_00.mp4,5.0000
UGC0250_720x1280_30_crf_00.mp4,UGC0250_720x1280_30_crf_17.mp4,4.4571
UGC0250_720x1280_30_crf_00.mp4,UGC0250_720x1280_30_crf_22.mp4,5.0286
UGC0250_720x1280_30_crf_00.mp4,UGC0250_720x1280_30_crf_27.mp4,4.8571
UGC0250_720x1280_30_crf_00.mp4,UGC0250_720x1280_30_crf_32.mp4,4.0000
UGC0250_720x1280_30_crf_00.mp4,UGC0250_720x1280_30_crf_37.mp4,3.2571
UGC0250_720x1280_30_crf_00.mp4,UGC0250_720x1280_30_crf_42.mp4,2.2286
UGC0250_720x1280_30_crf_00.mp4,UGC0250_720x1280_30_crf_47.mp4,1.1429
UGC0637_720x1280_30_crf_00.mp4,UGC0637_720x1280_30_crf_00.mp4,5.0000
UGC0637_720x1280_30_crf_00.mp4,UGC0637_720x1280_30_crf_17.mp4,4.3529
UGC0637_720x1280_30_crf_00.mp4,UGC0637_720x1280_30_crf_22.mp4,4.4118
UGC0637_720x1280_30_crf_00.mp4,UGC0637_720x1280_30_crf_27.mp4,4.4118
UGC0637_720x1280_30_crf_00.mp4,UGC0637_720x1280_30_crf_32.mp4,3.7941
UGC0637_720x1280_30_crf_00.mp4,UGC0637_720x1280_30_crf_37.mp4,2.8824
UGC0637_720x1280_30_crf_00.mp4,UGC0637_720x1280_30_crf_42.mp4,2.1765
UGC0637_720x1280_30_crf_00.mp4,UGC0637_720x1280_30_crf_47.mp4,1.2941
UGC0796_720x1280_30_crf_00.mp4,UGC0796_720x1280_30_crf_00.mp4,5.0000
UGC0796_720x1280_30_crf_00.mp4,UGC0796_720x1280_30_crf_17.mp4,5.0588
UGC0796_720x1280_30_crf_00.mp4,UGC0796_720x1280_30_crf_22.mp4,5.0294
UGC0796_720x1280_30_crf_00.mp4,UGC0796_720x1280_30_crf_27.mp4,4.9412
UGC0796_720x1280_30_crf_00.mp4,UGC0796_720x1280_30_crf_32.mp4,4.4706
UGC0796_720x1280_30_crf_00.mp4,UGC0796_720x1280_30_crf_37.mp4,3.5882
UGC0796_720x1280_30_crf_00.mp4,UGC0796_720x1280_30_crf_42.mp4,2.1765
UGC0796_720x1280_30_crf_00.mp4,UGC0796_720x1280_30_crf_47.mp4,2.0000
UGC0458_1280x720_30_crf_00.mp4,UGC0458_1280x720_30_crf_00.mp4,5.0000
UGC0458_1280x720_30_crf_00.mp4,UGC0458_1280x720_30_crf_17.mp4,4.8788
UGC0458_1280x720_30_crf_00.mp4,UGC0458_1280x720_30_crf_22.mp4,4.8182
UGC0458_1280x720_30_crf_00.mp4,UGC0458_1280x720_30_crf_27.mp4,4.7273
UGC0458_1280x720_30_crf_00.mp4,UGC0458_1280x720_30_crf_32.mp4,4.5455
UGC0458_1280x720_30_crf_00.mp4,UGC0458_1280x720_30_crf_37.mp4,3.6970
UGC0458_1280x720_30_crf_00.mp4,UGC0458_1280x720_30_crf_42.mp4,2.7576
UGC0458_1280x720_30_crf_00.mp4,UGC0458_1280x720_30_crf_47.mp4,1.7273
UGC0768_720x1280_30_crf_00.mp4,UGC0768_720x1280_30_crf_00.mp4,5.0000
UGC0768_720x1280_30_crf_00.mp4,UGC0768_720x1280_30_crf_17.mp4,5.0909
UGC0768_720x1280_30_crf_00.mp4,UGC0768_720x1280_30_crf_22.mp4,4.9697
UGC0768_720x1280_30_crf_00.mp4,UGC0768_720x1280_30_crf_27.mp4,4.2121
UGC0768_720x1280_30_crf_00.mp4,UGC0768_720x1280_30_crf_32.mp4,3.4242
UGC0768_720x1280_30_crf_00.mp4,UGC0768_720x1280_30_crf_37.mp4,3.0606
UGC0768_720x1280_30_crf_00.mp4,UGC0768_720x1280_30_crf_42.mp4,2.0909
UGC0768_720x1280_30_crf_00.mp4,UGC0768_720x1280_30_crf_47.mp4,1.7576
UGC0609_720x1280_30_crf_00.mp4,UGC0609_720x1280_30_crf_00.mp4,5.0000
UGC0609_720x1280_30_crf_00.mp4,UGC0609_720x1280_30_crf_17.mp4,4.6562
UGC0609_720x1280_30_crf_00.mp4,UGC0609_720x1280_30_crf_22.mp4,4.8750
UGC0609_720x1280_30_crf_00.mp4,UGC0609_720x1280_30_crf_27.mp4,4.5000
UGC0609_720x1280_30_crf_00.mp4,UGC0609_720x1280_30_crf_32.mp4,3.4375
UGC0609_720x1280_30_crf_00.mp4,UGC0609_720x1280_30_crf_37.mp4,2.5312
UGC0609_720x1280_30_crf_00.mp4,UGC0609_720x1280_30_crf_42.mp4,1.5000
UGC0609_720x1280_30_crf_00.mp4,UGC0609_720x1280_30_crf_47.mp4,1.0625
UGC0991_1280x720_30_crf_00.mp4,UGC0991_1280x720_30_crf_00.mp4,5.0000
UGC0991_1280x720_30_crf_00.mp4,UGC0991_1280x720_30_crf_17.mp4,4.9688
UGC0991_1280x720_30_crf_00.mp4,UGC0991_1280x720_30_crf_22.mp4,4.8125
UGC0991_1280x720_30_crf_00.mp4,UGC0991_1280x720_30_crf_27.mp4,4.5312
UGC0991_1280x720_30_crf_00.mp4,UGC0991_1280x720_30_crf_32.mp4,3.8750
UGC0991_1280x720_30_crf_00.mp4,UGC0991_1280x720_30_crf_37.mp4,2.8438
UGC0991_1280x720_30_crf_00.mp4,UGC0991_1280x720_30_crf_42.mp4,1.8750
UGC0991_1280x720_30_crf_00.mp4,UGC0991_1280x720_30_crf_47.mp4,1.5625
UGC0146_1280x720_30_crf_00.mp4,UGC0146_1280x720_30_crf_00.mp4,5.0000
UGC0146_1280x720_30_crf_00.mp4,UGC0146_1280x720_30_crf_17.mp4,4.4545
UGC0146_1280x720_30_crf_00.mp4,UGC0146_1280x720_30_crf_22.mp4,4.4848
UGC0146_1280x720_30_crf_00.mp4,UGC0146_1280x720_30_crf_27.mp4,4.8182
UGC0146_1280x720_30_crf_00.mp4,UGC0146_1280x720_30_crf_32.mp4,3.8788
UGC0146_1280x720_30_crf_00.mp4,UGC0146_1280x720_30_crf_37.mp4,2.8788
UGC0146_1280x720_30_crf_00.mp4,UGC0146_1280x720_30_crf_42.mp4,1.9394
UGC0146_1280x720_30_crf_00.mp4,UGC0146_1280x720_30_crf_47.mp4,1.2121
UGC0284_1280x720_30_crf_00.mp4,UGC0284_1280x720_30_crf_00.mp4,5.0000
UGC0284_1280x720_30_crf_00.mp4,UGC0284_1280x720_30_crf_17.mp4,4.9722
UGC0284_1280x720_30_crf_00.mp4,UGC0284_1280x720_30_crf_22.mp4,4.8056
UGC0284_1280x720_30_crf_00.mp4,UGC0284_1280x720_30_crf_27.mp4,4.7222
UGC0284_1280x720_30_crf_00.mp4,UGC0284_1280x720_30_crf_32.mp4,4.2222
UGC0284_1280x720_30_crf_00.mp4,UGC0284_1280x720_30_crf_37.mp4,2.9167
UGC0284_1280x720_30_crf_00.mp4,UGC0284_1280x720_30_crf_42.mp4,1.8056
UGC0284_1280x720_30_crf_00.mp4,UGC0284_1280x720_30_crf_47.mp4,1.5278
UGC0631_720x1280_30_crf_00.mp4,UGC0631_720x1280_30_crf_00.mp4,5.0000
UGC0631_720x1280_30_crf_00.mp4,UGC0631_720x1280_30_crf_17.mp4,4.6111
UGC0631_720x1280_30_crf_00.mp4,UGC0631_720x1280_30_crf_22.mp4,4.3333
UGC0631_720x1280_30_crf_00.mp4,UGC0631_720x1280_30_crf_27.mp4,4.3611
UGC0631_720x1280_30_crf_00.mp4,UGC0631_720x1280_30_crf_32.mp4,3.8056
UGC0631_720x1280_30_crf_00.mp4,UGC0631_720x1280_30_crf_37.mp4,2.6111
UGC0631_720x1280_30_crf_00.mp4,UGC0631_720x1280_30_crf_42.mp4,1.3889
UGC0631_720x1280_30_crf_00.mp4,UGC0631_720x1280_30_crf_47.mp4,1.0000
UGC0861_720x1280_30_crf_00.mp4,UGC0861_720x1280_30_crf_00.mp4,5.0000
UGC0861_720x1280_30_crf_00.mp4,UGC0861_720x1280_30_crf_17.mp4,4.9444
UGC0861_720x1280_30_crf_00.mp4,UGC0861_720x1280_30_crf_22.mp4,4.8889
UGC0861_720x1280_30_crf_00.mp4,UGC0861_720x1280_30_crf_27.mp4,4.7778
UGC0861_720x1280_30_crf_00.mp4,UGC0861_720x1280_30_crf_32.mp4,4.0278
UGC0861_720x1280_30_crf_00.mp4,UGC0861_720x1280_30_crf_37.mp4,3.0278
UGC0861_720x1280_30_crf_00.mp4,UGC0861_720x1280_30_crf_42.mp4,2.1944
UGC0861_720x1280_30_crf_00.mp4,UGC0861_720x1280_30_crf_47.mp4,1.5278
UGC0781_720x1280_30_crf_00.mp4,UGC0781_720x1280_30_crf_00.mp4,5.0000
UGC0781_720x1280_30_crf_00.mp4,UGC0781_720x1280_30_crf_17.mp4,5.1176
UGC0781_720x1280_30_crf_00.mp4,UGC0781_720x1280_30_crf_22.mp4,4.4706
UGC0781_720x1280_30_crf_00.mp4,UGC0781_720x1280_30_crf_27.mp4,4.8824
UGC0781_720x1280_30_crf_00.mp4,UGC0781_720x1280_30_crf_32.mp4,4.1176
UGC0781_720x1280_30_crf_00.mp4,UGC0781_720x1280_30_crf_37.mp4,3.3529
UGC0781_720x1280_30_crf_00.mp4,UGC0781_720x1280_30_crf_42.mp4,2.8235
UGC0781_720x1280_30_crf_00.mp4,UGC0781_720x1280_30_crf_47.mp4,1.3235
UGC0865_720x1280_30_crf_00.mp4,UGC0865_720x1280_30_crf_00.mp4,5.0000
UGC0865_720x1280_30_crf_00.mp4,UGC0865_720x1280_30_crf_17.mp4,4.6176
UGC0865_720x1280_30_crf_00.mp4,UGC0865_720x1280_30_crf_22.mp4,4.5294
UGC0865_720x1280_30_crf_00.mp4,UGC0865_720x1280_30_crf_27.mp4,4.4706
UGC0865_720x1280_30_crf_00.mp4,UGC0865_720x1280_30_crf_32.mp4,4.3824
UGC0865_720x1280_30_crf_00.mp4,UGC0865_720x1280_30_crf_37.mp4,3.6765
UGC0865_720x1280_30_crf_00.mp4,UGC0865_720x1280_30_crf_42.mp4,2.3529
UGC0865_720x1280_30_crf_00.mp4,UGC0865_720x1280_30_crf_47.mp4,1.7941
UGC0581_720x1280_30_crf_00.mp4,UGC0581_720x1280_30_crf_00.mp4,5.0000
UGC0581_720x1280_30_crf_00.mp4,UGC0581_720x1280_30_crf_17.mp4,4.3030
UGC0581_720x1280_30_crf_00.mp4,UGC0581_720x1280_30_crf_22.mp4,4.3333
UGC0581_720x1280_30_crf_00.mp4,UGC0581_720x1280_30_crf_27.mp4,4.0909
UGC0581_720x1280_30_crf_00.mp4,UGC0581_720x1280_30_crf_32.mp4,3.4848
UGC0581_720x1280_30_crf_00.mp4,UGC0581_720x1280_30_crf_37.mp4,2.8182
UGC0581_720x1280_30_crf_00.mp4,UGC0581_720x1280_30_crf_42.mp4,2.0606
UGC0581_720x1280_30_crf_00.mp4,UGC0581_720x1280_30_crf_47.mp4,1.3636
UGC0774_720x1280_30_crf_00.mp4,UGC0774_720x1280_30_crf_00.mp4,5.0000
UGC0774_720x1280_30_crf_00.mp4,UGC0774_720x1280_30_crf_17.mp4,4.2424
UGC0774_720x1280_30_crf_00.mp4,UGC0774_720x1280_30_crf_22.mp4,4.3939
UGC0774_720x1280_30_crf_00.mp4,UGC0774_720x1280_30_crf_27.mp4,4.1212
UGC0774_720x1280_30_crf_00.mp4,UGC0774_720x1280_30_crf_32.mp4,3.9394
UGC0774_720x1280_30_crf_00.mp4,UGC0774_720x1280_30_crf_37.mp4,3.3636
UGC0774_720x1280_30_crf_00.mp4,UGC0774_720x1280_30_crf_42.mp4,2.5152
UGC0774_720x1280_30_crf_00.mp4,UGC0774_720x1280_30_crf_47.mp4,2.0909
UGC0546_720x1280_30_crf_00.mp4,UGC0546_720x1280_30_crf_00.mp4,5.0000
UGC0546_720x1280_30_crf_00.mp4,UGC0546_720x1280_30_crf_17.mp4,4.8947
UGC0546_720x1280_30_crf_00.mp4,UGC0546_720x1280_30_crf_22.mp4,4.8421
UGC0546_720x1280_30_crf_00.mp4,UGC0546_720x1280_30_crf_27.mp4,4.6053
UGC0546_720x1280_30_crf_00.mp4,UGC0546_720x1280_30_crf_32.mp4,4.0789
UGC0546_720x1280_30_crf_00.mp4,UGC0546_720x1280_30_crf_37.mp4,3.3158
UGC0546_720x1280_30_crf_00.mp4,UGC0546_720x1280_30_crf_42.mp4,2.5000
UGC0546_720x1280_30_crf_00.mp4,UGC0546_720x1280_30_crf_47.mp4,1.8421
UGC0987_720x1280_30_crf_00.mp4,UGC0987_720x1280_30_crf_00.mp4,5.0000
UGC0987_720x1280_30_crf_00.mp4,UGC0987_720x1280_30_crf_17.mp4,5.2000
UGC0987_720x1280_30_crf_00.mp4,UGC0987_720x1280_30_crf_22.mp4,4.4500
UGC0987_720x1280_30_crf_00.mp4,UGC0987_720x1280_30_crf_27.mp4,3.9750
UGC0987_720x1280_30_crf_00.mp4,UGC0987_720x1280_30_crf_32.mp4,3.7000
UGC0987_720x1280_30_crf_00.mp4,UGC0987_720x1280_30_crf_37.mp4,3.7500
UGC0987_720x1280_30_crf_00.mp4,UGC0987_720x1280_30_crf_42.mp4,2.1750
UGC0987_720x1280_30_crf_00.mp4,UGC0987_720x1280_30_crf_47.mp4,2.1250
UGC0061_720x1280_30_crf_00.mp4,UGC0061_720x1280_30_crf_00.mp4,5.0000
UGC0061_720x1280_30_crf_00.mp4,UGC0061_720x1280_30_crf_17.mp4,4.9714
UGC0061_720x1280_30_crf_00.mp4,UGC0061_720x1280_30_crf_22.mp4,4.9714
UGC0061_720x1280_30_crf_00.mp4,UGC0061_720x1280_30_crf_27.mp4,4.6000
UGC0061_720x1280_30_crf_00.mp4,UGC0061_720x1280_30_crf_32.mp4,4.5714
UGC0061_720x1280_30_crf_00.mp4,UGC0061_720x1280_30_crf_37.mp4,3.8857
UGC0061_720x1280_30_crf_00.mp4,UGC0061_720x1280_30_crf_42.mp4,2.7143
UGC0061_720x1280_30_crf_00.mp4,UGC0061_720x1280_30_crf_47.mp4,1.8857
UGC0625_720x1280_30_crf_00.mp4,UGC0625_720x1280_30_crf_00.mp4,5.0000
UGC0625_720x1280_30_crf_00.mp4,UGC0625_720x1280_30_crf_17.mp4,4.9143
UGC0625_720x1280_30_crf_00.mp4,UGC0625_720x1280_30_crf_22.mp4,4.8571
UGC0625_720x1280_30_crf_00.mp4,UGC0625_720x1280_30_crf_27.mp4,4.6000
UGC0625_720x1280_30_crf_00.mp4,UGC0625_720x1280_30_crf_32.mp4,3.4286
UGC0625_720x1280_30_crf_00.mp4,UGC0625_720x1280_30_crf_37.mp4,2.7143
UGC0625_720x1280_30_crf_00.mp4,UGC0625_720x1280_30_crf_42.mp4,1.9429
UGC0625_720x1280_30_crf_00.mp4,UGC0625_720x1280_30_crf_47.mp4,1.6571
UGC0419_720x1280_30_crf_00.mp4,UGC0419_720x1280_30_crf_00.mp4,5.0000
UGC0419_720x1280_30_crf_00.mp4,UGC0419_720x1280_30_crf_17.mp4,4.9062
UGC0419_720x1280_30_crf_00.mp4,UGC0419_720x1280_30_crf_22.mp4,4.9375
UGC0419_720x1280_30_crf_00.mp4,UGC0419_720x1280_30_crf_27.mp4,4.0000
UGC0419_720x1280_30_crf_00.mp4,UGC0419_720x1280_30_crf_32.mp4,3.5938
UGC0419_720x1280_30_crf_00.mp4,UGC0419_720x1280_30_crf_37.mp4,3.0000
UGC0419_720x1280_30_crf_00.mp4,UGC0419_720x1280_30_crf_42.mp4,2.3750
UGC0419_720x1280_30_crf_00.mp4,UGC0419_720x1280_30_crf_47.mp4,1.5625
UGC0947_720x1280_30_crf_00.mp4,UGC0947_720x1280_30_crf_00.mp4,5.0000
UGC0947_720x1280_30_crf_00.mp4,UGC0947_720x1280_30_crf_17.mp4,5.0882
UGC0947_720x1280_30_crf_00.mp4,UGC0947_720x1280_30_crf_22.mp4,4.3824
UGC0947_720x1280_30_crf_00.mp4,UGC0947_720x1280_30_crf_27.mp4,4.5294
UGC0947_720x1280_30_crf_00.mp4,UGC0947_720x1280_30_crf_32.mp4,4.4412
UGC0947_720x1280_30_crf_00.mp4,UGC0947_720x1280_30_crf_37.mp4,2.8529
UGC0947_720x1280_30_crf_00.mp4,UGC0947_720x1280_30_crf_42.mp4,1.9412
UGC0947_720x1280_30_crf_00.mp4,UGC0947_720x1280_30_crf_47.mp4,1.2353
UGC0490_720x1280_30_crf_00.mp4,UGC0490_720x1280_30_crf_00.mp4,5.0000
UGC0490_720x1280_30_crf_00.mp4,UGC0490_720x1280_30_crf_17.mp4,4.7368
UGC0490_720x1280_30_crf_00.mp4,UGC0490_720x1280_30_crf_22.mp4,4.3421
UGC0490_720x1280_30_crf_00.mp4,UGC0490_720x1280_30_crf_27.mp4,4.4211
UGC0490_720x1280_30_crf_00.mp4,UGC0490_720x1280_30_crf_32.mp4,4.5526
UGC0490_720x1280_30_crf_00.mp4,UGC0490_720x1280_30_crf_37.mp4,3.3947
UGC0490_720x1280_30_crf_00.mp4,UGC0490_720x1280_30_crf_42.mp4,2.4211
UGC0490_720x1280_30_crf_00.mp4,UGC0490_720x1280_30_crf_47.mp4,1.6842
UGC0649_720x1280_30_crf_00.mp4,UGC0649_720x1280_30_crf_00.mp4,5.0000
UGC0649_720x1280_30_crf_00.mp4,UGC0649_720x1280_30_crf_17.mp4,4.8684
UGC0649_720x1280_30_crf_00.mp4,UGC0649_720x1280_30_crf_22.mp4,4.8158
UGC0649_720x1280_30_crf_00.mp4,UGC0649_720x1280_30_crf_27.mp4,4.4474
UGC0649_720x1280_30_crf_00.mp4,UGC0649_720x1280_30_crf_32.mp4,3.2632
UGC0649_720x1280_30_crf_00.mp4,UGC0649_720x1280_30_crf_37.mp4,2.2895
UGC0649_720x1280_30_crf_00.mp4,UGC0649_720x1280_30_crf_42.mp4,1.4737
UGC0649_720x1280_30_crf_00.mp4,UGC0649_720x1280_30_crf_47.mp4,1.4474
UGC0905_720x1280_30_crf_00.mp4,UGC0905_720x1280_30_crf_00.mp4,5.0000
UGC0905_720x1280_30_crf_00.mp4,UGC0905_720x1280_30_crf_17.mp4,5.1471
UGC0905_720x1280_30_crf_00.mp4,UGC0905_720x1280_30_crf_22.mp4,4.9706
UGC0905_720x1280_30_crf_00.mp4,UGC0905_720x1280_30_crf_27.mp4,4.6471
UGC0905_720x1280_30_crf_00.mp4,UGC0905_720x1280_30_crf_32.mp4,3.2059
UGC0905_720x1280_30_crf_00.mp4,UGC0905_720x1280_30_crf_37.mp4,2.8824
UGC0905_720x1280_30_crf_00.mp4,UGC0905_720x1280_30_crf_42.mp4,1.9118
UGC0905_720x1280_30_crf_00.mp4,UGC0905_720x1280_30_crf_47.mp4,1.6471
UGC0521_720x1280_30_crf_00.mp4,UGC0521_720x1280_30_crf_00.mp4,5.0000
UGC0521_720x1280_30_crf_00.mp4,UGC0521_720x1280_30_crf_17.mp4,5.0000
UGC0521_720x1280_30_crf_00.mp4,UGC0521_720x1280_30_crf_22.mp4,5.0667
UGC0521_720x1280_30_crf_00.mp4,UGC0521_720x1280_30_crf_27.mp4,4.8000
UGC0521_720x1280_30_crf_00.mp4,UGC0521_720x1280_30_crf_32.mp4,4.0667
UGC0521_720x1280_30_crf_00.mp4,UGC0521_720x1280_30_crf_37.mp4,3.2667
UGC0521_720x1280_30_crf_00.mp4,UGC0521_720x1280_30_crf_42.mp4,2.3333
UGC0521_720x1280_30_crf_00.mp4,UGC0521_720x1280_30_crf_47.mp4,1.7667
UGC0946_720x1280_30_crf_00.mp4,UGC0946_720x1280_30_crf_00.mp4,5.0000
UGC0946_720x1280_30_crf_00.mp4,UGC0946_720x1280_30_crf_17.mp4,5.0000
UGC0946_720x1280_30_crf_00.mp4,UGC0946_720x1280_30_crf_22.mp4,4.4194
UGC0946_720x1280_30_crf_00.mp4,UGC0946_720x1280_30_crf_27.mp4,4.1935
UGC0946_720x1280_30_crf_00.mp4,UGC0946_720x1280_30_crf_32.mp4,4.5161
UGC0946_720x1280_30_crf_00.mp4,UGC0946_720x1280_30_crf_37.mp4,3.4839
UGC0946_720x1280_30_crf_00.mp4,UGC0946_720x1280_30_crf_42.mp4,1.7742
UGC0946_720x1280_30_crf_00.mp4,UGC0946_720x1280_30_crf_47.mp4,1.7419
UGC0316_1280x720_30_crf_00.mp4,UGC0316_1280x720_30_crf_00.mp4,5.0000
UGC0316_1280x720_30_crf_00.mp4,UGC0316_1280x720_30_crf_17.mp4,4.3226
UGC0316_1280x720_30_crf_00.mp4,UGC0316_1280x720_30_crf_22.mp4,4.3226
UGC0316_1280x720_30_crf_00.mp4,UGC0316_1280x720_30_crf_27.mp4,4.3548
UGC0316_1280x720_30_crf_00.mp4,UGC0316_1280x720_30_crf_32.mp4,3.9032
UGC0316_1280x720_30_crf_00.mp4,UGC0316_1280x720_30_crf_37.mp4,3.6452
UGC0316_1280x720_30_crf_00.mp4,UGC0316_1280x720_30_crf_42.mp4,1.8065
UGC0316_1280x720_30_crf_00.mp4,UGC0316_1280x720_30_crf_47.mp4,1.0968
UGC0754_720x1280_30_crf_00.mp4,UGC0754_720x1280_30_crf_00.mp4,5.0000
UGC0754_720x1280_30_crf_00.mp4,UGC0754_720x1280_30_crf_17.mp4,4.4516
UGC0754_720x1280_30_crf_00.mp4,UGC0754_720x1280_30_crf_22.mp4,4.4194
UGC0754_720x1280_30_crf_00.mp4,UGC0754_720x1280_30_crf_27.mp4,4.2903
UGC0754_720x1280_30_crf_00.mp4,UGC0754_720x1280_30_crf_32.mp4,4.2258
UGC0754_720x1280_30_crf_00.mp4,UGC0754_720x1280_30_crf_37.mp4,3.3871
UGC0754_720x1280_30_crf_00.mp4,UGC0754_720x1280_30_crf_42.mp4,2.0968
UGC0754_720x1280_30_crf_00.mp4,UGC0754_720x1280_30_crf_47.mp4,1.3548
UGC0216_720x1280_30_crf_00.mp4,UGC0216_720x1280_30_crf_00.mp4,5.0000
UGC0216_720x1280_30_crf_00.mp4,UGC0216_720x1280_30_crf_17.mp4,5.0667
UGC0216_720x1280_30_crf_00.mp4,UGC0216_720x1280_30_crf_22.mp4,5.2000
UGC0216_720x1280_30_crf_00.mp4,UGC0216_720x1280_30_crf_27.mp4,4.4000
UGC0216_720x1280_30_crf_00.mp4,UGC0216_720x1280_30_crf_32.mp4,4.1333
UGC0216_720x1280_30_crf_00.mp4,UGC0216_720x1280_30_crf_37.mp4,2.9000
UGC0216_720x1280_30_crf_00.mp4,UGC0216_720x1280_30_crf_42.mp4,2.0000
UGC0216_720x1280_30_crf_00.mp4,UGC0216_720x1280_30_crf_47.mp4,1.5667
UGC0459_1280x720_30_crf_00.mp4,UGC0459_1280x720_30_crf_00.mp4,5.0000
UGC0459_1280x720_30_crf_00.mp4,UGC0459_1280x720_30_crf_17.mp4,4.5000
UGC0459_1280x720_30_crf_00.mp4,UGC0459_1280x720_30_crf_22.mp4,4.4667
UGC0459_1280x720_30_crf_00.mp4,UGC0459_1280x720_30_crf_27.mp4,4.3667
UGC0459_1280x720_30_crf_00.mp4,UGC0459_1280x720_30_crf_32.mp4,3.9000
UGC0459_1280x720_30_crf_00.mp4,UGC0459_1280x720_30_crf_37.mp4,3.2000
UGC0459_1280x720_30_crf_00.mp4,UGC0459_1280x720_30_crf_42.mp4,2.0000
UGC0459_1280x720_30_crf_00.mp4,UGC0459_1280x720_30_crf_47.mp4,1.1333
UGC0514_720x1280_30_crf_00.mp4,UGC0514_720x1280_30_crf_00.mp4,5.0000
UGC0514_720x1280_30_crf_00.mp4,UGC0514_720x1280_30_crf_17.mp4,4.5667
UGC0514_720x1280_30_crf_00.mp4,UGC0514_720x1280_30_crf_22.mp4,4.6000
UGC0514_720x1280_30_crf_00.mp4,UGC0514_720x1280_30_crf_27.mp4,4.3000
UGC0514_720x1280_30_crf_00.mp4,UGC0514_720x1280_30_crf_32.mp4,3.5333
UGC0514_720x1280_30_crf_00.mp4,UGC0514_720x1280_30_crf_37.mp4,2.5667
UGC0514_720x1280_30_crf_00.mp4,UGC0514_720x1280_30_crf_42.mp4,1.7667
UGC0514_720x1280_30_crf_00.mp4,UGC0514_720x1280_30_crf_47.mp4,1.0667
UGC0352_720x1280_30_crf_00.mp4,UGC0352_720x1280_30_crf_00.mp4,5.0000
UGC0352_720x1280_30_crf_00.mp4,UGC0352_720x1280_30_crf_17.mp4,4.8710
UGC0352_720x1280_30_crf_00.mp4,UGC0352_720x1280_30_crf_22.mp4,4.4516
UGC0352_720x1280_30_crf_00.mp4,UGC0352_720x1280_30_crf_27.mp4,5.0000
UGC0352_720x1280_30_crf_00.mp4,UGC0352_720x1280_30_crf_32.mp4,4.1290
UGC0352_720x1280_30_crf_00.mp4,UGC0352_720x1280_30_crf_37.mp4,4.1935
UGC0352_720x1280_30_crf_00.mp4,UGC0352_720x1280_30_crf_42.mp4,2.9032
UGC0352_720x1280_30_crf_00.mp4,UGC0352_720x1280_30_crf_47.mp4,2.4516
UGC0903_720x1280_30_crf_00.mp4,UGC0903_720x1280_30_crf_00.mp4,5.0000
UGC0903_720x1280_30_crf_00.mp4,UGC0903_720x1280_30_crf_17.mp4,4.3030
UGC0903_720x1280_30_crf_00.mp4,UGC0903_720x1280_30_crf_22.mp4,4.0303
UGC0903_720x1280_30_crf_00.mp4,UGC0903_720x1280_30_crf_27.mp4,3.8788
UGC0903_720x1280_30_crf_00.mp4,UGC0903_720x1280_30_crf_32.mp4,3.0000
UGC0903_720x1280_30_crf_00.mp4,UGC0903_720x1280_30_crf_37.mp4,2.1515
UGC0903_720x1280_30_crf_00.mp4,UGC0903_720x1280_30_crf_42.mp4,1.2121
UGC0903_720x1280_30_crf_00.mp4,UGC0903_720x1280_30_crf_47.mp4,1.0000
UGC0321_720x1280_30_crf_00.mp4,UGC0321_720x1280_30_crf_00.mp4,5.0000
UGC0321_720x1280_30_crf_00.mp4,UGC0321_720x1280_30_crf_17.mp4,5.1143
UGC0321_720x1280_30_crf_00.mp4,UGC0321_720x1280_30_crf_22.mp4,5.0000
UGC0321_720x1280_30_crf_00.mp4,UGC0321_720x1280_30_crf_27.mp4,4.0286
UGC0321_720x1280_30_crf_00.mp4,UGC0321_720x1280_30_crf_32.mp4,3.0857
UGC0321_720x1280_30_crf_00.mp4,UGC0321_720x1280_30_crf_37.mp4,2.8571
UGC0321_720x1280_30_crf_00.mp4,UGC0321_720x1280_30_crf_42.mp4,2.1429
UGC0321_720x1280_30_crf_00.mp4,UGC0321_720x1280_30_crf_47.mp4,1.7714
UGC0436_720x1280_30_crf_00.mp4,UGC0436_720x1280_30_crf_00.mp4,5.0000
UGC0436_720x1280_30_crf_00.mp4,UGC0436_720x1280_30_crf_17.mp4,5.0571
UGC0436_720x1280_30_crf_00.mp4,UGC0436_720x1280_30_crf_22.mp4,4.9429
UGC0436_720x1280_30_crf_00.mp4,UGC0436_720x1280_30_crf_27.mp4,4.7714
UGC0436_720x1280_30_crf_00.mp4,UGC0436_720x1280_30_crf_32.mp4,4.2000
UGC0436_720x1280_30_crf_00.mp4,UGC0436_720x1280_30_crf_37.mp4,3.3143
UGC0436_720x1280_30_crf_00.mp4,UGC0436_720x1280_30_crf_42.mp4,2.5429
UGC0436_720x1280_30_crf_00.mp4,UGC0436_720x1280_30_crf_47.mp4,1.6000
UGC0493_720x1280_30_crf_00.mp4,UGC0493_720x1280_30_crf_00.mp4,5.0000
UGC0493_720x1280_30_crf_00.mp4,UGC0493_720x1280_30_crf_17.mp4,4.8857
UGC0493_720x1280_30_crf_00.mp4,UGC0493_720x1280_30_crf_22.mp4,4.9429
UGC0493_720x1280_30_crf_00.mp4,UGC0493_720x1280_30_crf_27.mp4,4.6857
UGC0493_720x1280_30_crf_00.mp4,UGC0493_720x1280_30_crf_32.mp4,4.5143
UGC0493_720x1280_30_crf_00.mp4,UGC0493_720x1280_30_crf_37.mp4,3.5714
UGC0493_720x1280_30_crf_00.mp4,UGC0493_720x1280_30_crf_42.mp4,2.4571
UGC0493_720x1280_30_crf_00.mp4,UGC0493_720x1280_30_crf_47.mp4,2.1714
UGC0484_1280x720_30_crf_00.mp4,UGC0484_1280x720_30_crf_00.mp4,5.0000
UGC0484_1280x720_30_crf_00.mp4,UGC0484_1280x720_30_crf_17.mp4,5.0625
UGC0484_1280x720_30_crf_00.mp4,UGC0484_1280x720_30_crf_22.mp4,4.4062
UGC0484_1280x720_30_crf_00.mp4,UGC0484_1280x720_30_crf_27.mp4,4.9062
UGC0484_1280x720_30_crf_00.mp4,UGC0484_1280x720_30_crf_32.mp4,3.6562
UGC0484_1280x720_30_crf_00.mp4,UGC0484_1280x720_30_crf_37.mp4,2.9375
UGC0484_1280x720_30_crf_00.mp4,UGC0484_1280x720_30_crf_42.mp4,1.8125
UGC0484_1280x720_30_crf_00.mp4,UGC0484_1280x720_30_crf_47.mp4,1.0625
UGC0597_720x1280_30_crf_00.mp4,UGC0597_720x1280_30_crf_00.mp4,5.0000
UGC0597_720x1280_30_crf_00.mp4,UGC0597_720x1280_30_crf_17.mp4,5.0000
UGC0597_720x1280_30_crf_00.mp4,UGC0597_720x1280_30_crf_22.mp4,4.8750
UGC0597_720x1280_30_crf_00.mp4,UGC0597_720x1280_30_crf_27.mp4,4.6250
UGC0597_720x1280_30_crf_00.mp4,UGC0597_720x1280_30_crf_32.mp4,4.3750
UGC0597_720x1280_30_crf_00.mp4,UGC0597_720x1280_30_crf_37.mp4,3.2500
UGC0597_720x1280_30_crf_00.mp4,UGC0597_720x1280_30_crf_42.mp4,1.8125
UGC0597_720x1280_30_crf_00.mp4,UGC0597_720x1280_30_crf_47.mp4,1.7188
UGC0313_720x1280_30_crf_00.mp4,UGC0313_720x1280_30_crf_00.mp4,5.0000
UGC0313_720x1280_30_crf_00.mp4,UGC0313_720x1280_30_crf_17.mp4,4.7059
UGC0313_720x1280_30_crf_00.mp4,UGC0313_720x1280_30_crf_22.mp4,5.1176
UGC0313_720x1280_30_crf_00.mp4,UGC0313_720x1280_30_crf_27.mp4,4.8529
UGC0313_720x1280_30_crf_00.mp4,UGC0313_720x1280_30_crf_32.mp4,4.2059
UGC0313_720x1280_30_crf_00.mp4,UGC0313_720x1280_30_crf_37.mp4,3.5588
UGC0313_720x1280_30_crf_00.mp4,UGC0313_720x1280_30_crf_42.mp4,2.2353
UGC0313_720x1280_30_crf_00.mp4,UGC0313_720x1280_30_crf_47.mp4,1.0882
UGC0055_1280x720_30_crf_00.mp4,UGC0055_1280x720_30_crf_00.mp4,5.0000
UGC0055_1280x720_30_crf_00.mp4,UGC0055_1280x720_30_crf_17.mp4,4.4545
UGC0055_1280x720_30_crf_00.mp4,UGC0055_1280x720_30_crf_22.mp4,4.3939
UGC0055_1280x720_30_crf_00.mp4,UGC0055_1280x720_30_crf_27.mp4,4.4848
UGC0055_1280x720_30_crf_00.mp4,UGC0055_1280x720_30_crf_32.mp4,4.1818
UGC0055_1280x720_30_crf_00.mp4,UGC0055_1280x720_30_crf_37.mp4,4.0606
UGC0055_1280x720_30_crf_00.mp4,UGC0055_1280x720_30_crf_42.mp4,3.0000
UGC0055_1280x720_30_crf_00.mp4,UGC0055_1280x720_30_crf_47.mp4,2.3030
UGC0205_1280x720_30_crf_00.mp4,UGC0205_1280x720_30_crf_00.mp4,5.0000
UGC0205_1280x720_30_crf_00.mp4,UGC0205_1280x720_30_crf_17.mp4,3.8182
UGC0205_1280x720_30_crf_00.mp4,UGC0205_1280x720_30_crf_22.mp4,5.2727
UGC0205_1280x720_30_crf_00.mp4,UGC0205_1280x720_30_crf_27.mp4,4.9697
UGC0205_1280x720_30_crf_00.mp4,UGC0205_1280x720_30_crf_32.mp4,3.6667
UGC0205_1280x720_30_crf_00.mp4,UGC0205_1280x720_30_crf_37.mp4,4.1515
UGC0205_1280x720_30_crf_00.mp4,UGC0205_1280x720_30_crf_42.mp4,2.1515
UGC0205_1280x720_30_crf_00.mp4,UGC0205_1280x720_30_crf_47.mp4,1.1212
UGC0723_720x1280_30_crf_00.mp4,UGC0723_720x1280_30_crf_00.mp4,5.0000
UGC0723_720x1280_30_crf_00.mp4,UGC0723_720x1280_30_crf_17.mp4,4.3636
UGC0723_720x1280_30_crf_00.mp4,UGC0723_720x1280_30_crf_22.mp4,4.3030
UGC0723_720x1280_30_crf_00.mp4,UGC0723_720x1280_30_crf_27.mp4,4.8485
UGC0723_720x1280_30_crf_00.mp4,UGC0723_720x1280_30_crf_32.mp4,3.4545
UGC0723_720x1280_30_crf_00.mp4,UGC0723_720x1280_30_crf_37.mp4,2.6061
UGC0723_720x1280_30_crf_00.mp4,UGC0723_720x1280_30_crf_42.mp4,1.8182
UGC0723_720x1280_30_crf_00.mp4,UGC0723_720x1280_30_crf_47.mp4,1.1818
UGC0009_720x1280_30_crf_00.mp4,UGC0009_720x1280_30_crf_00.mp4,5.0000
UGC0009_720x1280_30_crf_00.mp4,UGC0009_720x1280_30_crf_17.mp4,5.0882
UGC0009_720x1280_30_crf_00.mp4,UGC0009_720x1280_30_crf_22.mp4,5.0294
UGC0009_720x1280_30_crf_00.mp4,UGC0009_720x1280_30_crf_27.mp4,4.5882
UGC0009_720x1280_30_crf_00.mp4,UGC0009_720x1280_30_crf_32.mp4,3.6471
UGC0009_720x1280_30_crf_00.mp4,UGC0009_720x1280_30_crf_37.mp4,2.9706
UGC0009_720x1280_30_crf_00.mp4,UGC0009_720x1280_30_crf_42.mp4,2.0588
UGC0009_720x1280_30_crf_00.mp4,UGC0009_720x1280_30_crf_47.mp4,1.6471
UGC0584_720x1280_30_crf_00.mp4,UGC0584_720x1280_30_crf_00.mp4,5.0000
UGC0584_720x1280_30_crf_00.mp4,UGC0584_720x1280_30_crf_17.mp4,4.7059
UGC0584_720x1280_30_crf_00.mp4,UGC0584_720x1280_30_crf_22.mp4,4.8529
UGC0584_720x1280_30_crf_00.mp4,UGC0584_720x1280_30_crf_27.mp4,4.4412
UGC0584_720x1280_30_crf_00.mp4,UGC0584_720x1280_30_crf_32.mp4,3.7647
UGC0584_720x1280_30_crf_00.mp4,UGC0584_720x1280_30_crf_37.mp4,2.7353
UGC0584_720x1280_30_crf_00.mp4,UGC0584_720x1280_30_crf_42.mp4,1.9706
UGC0584_720x1280_30_crf_00.mp4,UGC0584_720x1280_30_crf_47.mp4,1.3824
UGC0940_720x1280_30_crf_00.mp4,UGC0940_720x1280_30_crf_00.mp4,5.0000
UGC0940_720x1280_30_crf_00.mp4,UGC0940_720x1280_30_crf_17.mp4,5.2059
UGC0940_720x1280_30_crf_00.mp4,UGC0940_720x1280_30_crf_22.mp4,4.3529
UGC0940_720x1280_30_crf_00.mp4,UGC0940_720x1280_30_crf_27.mp4,4.9412
UGC0940_720x1280_30_crf_00.mp4,UGC0940_720x1280_30_crf_32.mp4,4.2353
UGC0940_720x1280_30_crf_00.mp4,UGC0940_720x1280_30_crf_37.mp4,2.4412
UGC0940_720x1280_30_crf_00.mp4,UGC0940_720x1280_30_crf_42.mp4,2.1765
UGC0940_720x1280_30_crf_00.mp4,UGC0940_720x1280_30_crf_47.mp4,1.7647
UGC0006_1280x720_30_crf_00.mp4,UGC0006_1280x720_30_crf_00.mp4,5.0000
UGC0006_1280x720_30_crf_00.mp4,UGC0006_1280x720_30_crf_17.mp4,4.9677
UGC0006_1280x720_30_crf_00.mp4,UGC0006_1280x720_30_crf_22.mp4,4.2903
UGC0006_1280x720_30_crf_00.mp4,UGC0006_1280x720_30_crf_27.mp4,4.2258
UGC0006_1280x720_30_crf_00.mp4,UGC0006_1280x720_30_crf_32.mp4,3.8065
UGC0006_1280x720_30_crf_00.mp4,UGC0006_1280x720_30_crf_37.mp4,3.6129
UGC0006_1280x720_30_crf_00.mp4,UGC0006_1280x720_30_crf_42.mp4,2.2903
UGC0006_1280x720_30_crf_00.mp4,UGC0006_1280x720_30_crf_47.mp4,1.6774
UGC0379_720x1280_30_crf_00.mp4,UGC0379_720x1280_30_crf_00.mp4,5.0000
UGC0379_720x1280_30_crf_00.mp4,UGC0379_720x1280_30_crf_17.mp4,5.0645
UGC0379_720x1280_30_crf_00.mp4,UGC0379_720x1280_30_crf_22.mp4,4.9032
UGC0379_720x1280_30_crf_00.mp4,UGC0379_720x1280_30_crf_27.mp4,4.8065
UGC0379_720x1280_30_crf_00.mp4,UGC0379_720x1280_30_crf_32.mp4,3.5806
UGC0379_720x1280_30_crf_00.mp4,UGC0379_720x1280_30_crf_37.mp4,3.4839
UGC0379_720x1280_30_crf_00.mp4,UGC0379_720x1280_30_crf_42.mp4,2.0000
UGC0379_720x1280_30_crf_00.mp4,UGC0379_720x1280_30_crf_47.mp4,1.7097
UGC0835_720x1280_30_crf_00.mp4,UGC0835_720x1280_30_crf_00.mp4,5.0000
UGC0835_720x1280_30_crf_00.mp4,UGC0835_720x1280_30_crf_17.mp4,4.5152
UGC0835_720x1280_30_crf_00.mp4,UGC0835_720x1280_30_crf_22.mp4,4.5152
UGC0835_720x1280_30_crf_00.mp4,UGC0835_720x1280_30_crf_27.mp4,4.2424
UGC0835_720x1280_30_crf_00.mp4,UGC0835_720x1280_30_crf_32.mp4,3.4545
UGC0835_720x1280_30_crf_00.mp4,UGC0835_720x1280_30_crf_37.mp4,2.6364
UGC0835_720x1280_30_crf_00.mp4,UGC0835_720x1280_30_crf_42.mp4,1.9697
UGC0835_720x1280_30_crf_00.mp4,UGC0835_720x1280_30_crf_47.mp4,1.2424
UGC0425_720x1280_30_crf_00.mp4,UGC0425_720x1280_30_crf_00.mp4,5.0000
UGC0425_720x1280_30_crf_00.mp4,UGC0425_720x1280_30_crf_17.mp4,4.6452
UGC0425_720x1280_30_crf_00.mp4,UGC0425_720x1280_30_crf_22.mp4,4.9677
UGC0425_720x1280_30_crf_00.mp4,UGC0425_720x1280_30_crf_27.mp4,4.4194
UGC0425_720x1280_30_crf_00.mp4,UGC0425_720x1280_30_crf_32.mp4,4.1613
UGC0425_720x1280_30_crf_00.mp4,UGC0425_720x1280_30_crf_37.mp4,2.8065
UGC0425_720x1280_30_crf_00.mp4,UGC0425_720x1280_30_crf_42.mp4,1.5806
UGC0425_720x1280_30_crf_00.mp4,UGC0425_720x1280_30_crf_47.mp4,1.3548
UGC0667_720x1280_30_crf_00.mp4,UGC0667_720x1280_30_crf_00.mp4,5.0000
UGC0667_720x1280_30_crf_00.mp4,UGC0667_720x1280_30_crf_17.mp4,5.0000
UGC0667_720x1280_30_crf_00.mp4,UGC0667_720x1280_30_crf_22.mp4,4.9355
UGC0667_720x1280_30_crf_00.mp4,UGC0667_720x1280_30_crf_27.mp4,4.6774
UGC0667_720x1280_30_crf_00.mp4,UGC0667_720x1280_30_crf_32.mp4,4.0645
UGC0667_720x1280_30_crf_00.mp4,UGC0667_720x1280_30_crf_37.mp4,3.0968
UGC0667_720x1280_30_crf_00.mp4,UGC0667_720x1280_30_crf_42.mp4,2.4839
UGC0667_720x1280_30_crf_00.mp4,UGC0667_720x1280_30_crf_47.mp4,1.9032
UGC0877_720x1280_30_crf_00.mp4,UGC0877_720x1280_30_crf_00.mp4,5.0000
UGC0877_720x1280_30_crf_00.mp4,UGC0877_720x1280_30_crf_17.mp4,5.0938
UGC0877_720x1280_30_crf_00.mp4,UGC0877_720x1280_30_crf_22.mp4,5.0938
UGC0877_720x1280_30_crf_00.mp4,UGC0877_720x1280_30_crf_27.mp4,4.8750
UGC0877_720x1280_30_crf_00.mp4,UGC0877_720x1280_30_crf_32.mp4,4.3438
UGC0877_720x1280_30_crf_00.mp4,UGC0877_720x1280_30_crf_37.mp4,3.2812
UGC0877_720x1280_30_crf_00.mp4,UGC0877_720x1280_30_crf_42.mp4,2.2812
UGC0877_720x1280_30_crf_00.mp4,UGC0877_720x1280_30_crf_47.mp4,1.6875
UGC0976_720x1280_30_crf_00.mp4,UGC0976_720x1280_30_crf_00.mp4,5.0000
UGC0976_720x1280_30_crf_00.mp4,UGC0976_720x1280_30_crf_17.mp4,4.3750
UGC0976_720x1280_30_crf_00.mp4,UGC0976_720x1280_30_crf_22.mp4,4.2188
UGC0976_720x1280_30_crf_00.mp4,UGC0976_720x1280_30_crf_27.mp4,3.7188
UGC0976_720x1280_30_crf_00.mp4,UGC0976_720x1280_30_crf_32.mp4,3.1250
UGC0976_720x1280_30_crf_00.mp4,UGC0976_720x1280_30_crf_37.mp4,2.1875
UGC0976_720x1280_30_crf_00.mp4,UGC0976_720x1280_30_crf_42.mp4,1.6562
UGC0976_720x1280_30_crf_00.mp4,UGC0976_720x1280_30_crf_47.mp4,1.0938
UGC0943_720x1280_30_crf_00.mp4,UGC0943_720x1280_30_crf_00.mp4,5.0000
UGC0943_720x1280_30_crf_00.mp4,UGC0943_720x1280_30_crf_17.mp4,5.0000
UGC0943_720x1280_30_crf_00.mp4,UGC0943_720x1280_30_crf_22.mp4,4.4167
UGC0943_720x1280_30_crf_00.mp4,UGC0943_720x1280_30_crf_27.mp4,4.7500
UGC0943_720x1280_30_crf_00.mp4,UGC0943_720x1280_30_crf_32.mp4,4.0556
UGC0943_720x1280_30_crf_00.mp4,UGC0943_720x1280_30_crf_37.mp4,3.1389
UGC0943_720x1280_30_crf_00.mp4,UGC0943_720x1280_30_crf_42.mp4,2.3889
UGC0943_720x1280_30_crf_00.mp4,UGC0943_720x1280_30_crf_47.mp4,1.6111
UGC0256_1280x720_30_crf_00.mp4,UGC0256_1280x720_30_crf_00.mp4,5.0000
UGC0256_1280x720_30_crf_00.mp4,UGC0256_1280x720_30_crf_17.mp4,4.8485
UGC0256_1280x720_30_crf_00.mp4,UGC0256_1280x720_30_crf_22.mp4,5.1818
UGC0256_1280x720_30_crf_00.mp4,UGC0256_1280x720_30_crf_27.mp4,4.9091
UGC0256_1280x720_30_crf_00.mp4,UGC0256_1280x720_30_crf_32.mp4,4.3030
UGC0256_1280x720_30_crf_00.mp4,UGC0256_1280x720_30_crf_37.mp4,3.7576
UGC0256_1280x720_30_crf_00.mp4,UGC0256_1280x720_30_crf_42.mp4,2.2121
UGC0256_1280x720_30_crf_00.mp4,UGC0256_1280x720_30_crf_47.mp4,1.4545
UGC0833_720x1280_30_crf_00.mp4,UGC0833_720x1280_30_crf_00.mp4,5.0000
UGC0833_720x1280_30_crf_00.mp4,UGC0833_720x1280_30_crf_17.mp4,5.2424
UGC0833_720x1280_30_crf_00.mp4,UGC0833_720x1280_30_crf_22.mp4,4.9697
UGC0833_720x1280_30_crf_00.mp4,UGC0833_720x1280_30_crf_27.mp4,3.9394
UGC0833_720x1280_30_crf_00.mp4,UGC0833_720x1280_30_crf_32.mp4,4.9697
UGC0833_720x1280_30_crf_00.mp4,UGC0833_720x1280_30_crf_37.mp4,4.4545
UGC0833_720x1280_30_crf_00.mp4,UGC0833_720x1280_30_crf_42.mp4,3.0909
UGC0833_720x1280_30_crf_00.mp4,UGC0833_720x1280_30_crf_47.mp4,2.3939
UGC0383_720x1280_30_crf_00.mp4,UGC0383_720x1280_30_crf_00.mp4,5.0000
UGC0383_720x1280_30_crf_00.mp4,UGC0383_720x1280_30_crf_17.mp4,4.5946
UGC0383_720x1280_30_crf_00.mp4,UGC0383_720x1280_30_crf_22.mp4,4.6216
UGC0383_720x1280_30_crf_00.mp4,UGC0383_720x1280_30_crf_27.mp4,4.2973
UGC0383_720x1280_30_crf_00.mp4,UGC0383_720x1280_30_crf_32.mp4,3.6486
UGC0383_720x1280_30_crf_00.mp4,UGC0383_720x1280_30_crf_37.mp4,2.6216
UGC0383_720x1280_30_crf_00.mp4,UGC0383_720x1280_30_crf_42.mp4,1.9730
UGC0383_720x1280_30_crf_00.mp4,UGC0383_720x1280_30_crf_47.mp4,1.0811
UGC0845_720x1280_30_crf_00.mp4,UGC0845_720x1280_30_crf_00.mp4,5.0000
UGC0845_720x1280_30_crf_00.mp4,UGC0845_720x1280_30_crf_17.mp4,4.5588
UGC0845_720x1280_30_crf_00.mp4,UGC0845_720x1280_30_crf_22.mp4,4.3529
UGC0845_720x1280_30_crf_00.mp4,UGC0845_720x1280_30_crf_27.mp4,4.7353
UGC0845_720x1280_30_crf_00.mp4,UGC0845_720x1280_30_crf_32.mp4,3.3824
UGC0845_720x1280_30_crf_00.mp4,UGC0845_720x1280_30_crf_37.mp4,2.4706
UGC0845_720x1280_30_crf_00.mp4,UGC0845_720x1280_30_crf_42.mp4,1.7353
UGC0845_720x1280_30_crf_00.mp4,UGC0845_720x1280_30_crf_47.mp4,1.5294
UGC0279_720x1280_30_crf_00.mp4,UGC0279_720x1280_30_crf_00.mp4,5.0000
UGC0279_720x1280_30_crf_00.mp4,UGC0279_720x1280_30_crf_17.mp4,4.6757
UGC0279_720x1280_30_crf_00.mp4,UGC0279_720x1280_30_crf_22.mp4,4.9189
UGC0279_720x1280_30_crf_00.mp4,UGC0279_720x1280_30_crf_27.mp4,4.7297
UGC0279_720x1280_30_crf_00.mp4,UGC0279_720x1280_30_crf_32.mp4,3.7027
UGC0279_720x1280_30_crf_00.mp4,UGC0279_720x1280_30_crf_37.mp4,2.8649
UGC0279_720x1280_30_crf_00.mp4,UGC0279_720x1280_30_crf_42.mp4,2.3514
UGC0279_720x1280_30_crf_00.mp4,UGC0279_720x1280_30_crf_47.mp4,1.1622
UGC0990_720x1280_30_crf_00.mp4,UGC0990_720x1280_30_crf_00.mp4,5.0000
UGC0990_720x1280_30_crf_00.mp4,UGC0990_720x1280_30_crf_17.mp4,5.0811
UGC0990_720x1280_30_crf_00.mp4,UGC0990_720x1280_30_crf_22.mp4,4.8649
UGC0990_720x1280_30_crf_00.mp4,UGC0990_720x1280_30_crf_27.mp4,4.3514
UGC0990_720x1280_30_crf_00.mp4,UGC0990_720x1280_30_crf_32.mp4,3.6757
UGC0990_720x1280_30_crf_00.mp4,UGC0990_720x1280_30_crf_37.mp4,2.8919
UGC0990_720x1280_30_crf_00.mp4,UGC0990_720x1280_30_crf_42.mp4,1.8378
UGC0990_720x1280_30_crf_00.mp4,UGC0990_720x1280_30_crf_47.mp4,1.3514
UGC0887_720x1280_30_crf_00.mp4,UGC0887_720x1280_30_crf_00.mp4,5.0000
UGC0887_720x1280_30_crf_00.mp4,UGC0887_720x1280_30_crf_17.mp4,4.2821
UGC0887_720x1280_30_crf_00.mp4,UGC0887_720x1280_30_crf_22.mp4,4.2308
UGC0887_720x1280_30_crf_00.mp4,UGC0887_720x1280_30_crf_27.mp4,4.3077
UGC0887_720x1280_30_crf_00.mp4,UGC0887_720x1280_30_crf_32.mp4,4.1026
UGC0887_720x1280_30_crf_00.mp4,UGC0887_720x1280_30_crf_37.mp4,3.6667
UGC0887_720x1280_30_crf_00.mp4,UGC0887_720x1280_30_crf_42.mp4,2.5897
UGC0887_720x1280_30_crf_00.mp4,UGC0887_720x1280_30_crf_47.mp4,2.1282
UGC0752_720x1280_30_crf_00.mp4,UGC0752_720x1280_30_crf_00.mp4,5.0000
UGC0752_720x1280_30_crf_00.mp4,UGC0752_720x1280_30_crf_17.mp4,4.9744
UGC0752_720x1280_30_crf_00.mp4,UGC0752_720x1280_30_crf_22.mp4,4.9487
UGC0752_720x1280_30_crf_00.mp4,UGC0752_720x1280_30_crf_27.mp4,4.6410
UGC0752_720x1280_30_crf_00.mp4,UGC0752_720x1280_30_crf_32.mp4,4.5641
UGC0752_720x1280_30_crf_00.mp4,UGC0752_720x1280_30_crf_37.mp4,3.4872
UGC0752_720x1280_30_crf_00.mp4,UGC0752_720x1280_30_crf_42.mp4,2.9231
UGC0752_720x1280_30_crf_00.mp4,UGC0752_720x1280_30_crf_47.mp4,1.8462
UGC0215_720x1280_30_crf_00.mp4,UGC0215_720x1280_30_crf_00.mp4,5.0000
UGC0215_720x1280_30_crf_00.mp4,UGC0215_720x1280_30_crf_17.mp4,4.3226
UGC0215_720x1280_30_crf_00.mp4,UGC0215_720x1280_30_crf_22.mp4,4.3871
UGC0215_720x1280_30_crf_00.mp4,UGC0215_720x1280_30_crf_27.mp4,4.1613
UGC0215_720x1280_30_crf_00.mp4,UGC0215_720x1280_30_crf_32.mp4,3.7097
UGC0215_720x1280_30_crf_00.mp4,UGC0215_720x1280_30_crf_37.mp4,2.7097
UGC0215_720x1280_30_crf_00.mp4,UGC0215_720x1280_30_crf_42.mp4,1.7742
UGC0215_720x1280_30_crf_00.mp4,UGC0215_720x1280_30_crf_47.mp4,1.2258
UGC0654_720x1280_30_crf_00.mp4,UGC0654_720x1280_30_crf_00.mp4,5.0000
UGC0654_720x1280_30_crf_00.mp4,UGC0654_720x1280_30_crf_17.mp4,4.6875
UGC0654_720x1280_30_crf_00.mp4,UGC0654_720x1280_30_crf_22.mp4,4.6562
UGC0654_720x1280_30_crf_00.mp4,UGC0654_720x1280_30_crf_27.mp4,4.3438
UGC0654_720x1280_30_crf_00.mp4,UGC0654_720x1280_30_crf_32.mp4,4.2500
UGC0654_720x1280_30_crf_00.mp4,UGC0654_720x1280_30_crf_37.mp4,3.2500
UGC0654_720x1280_30_crf_00.mp4,UGC0654_720x1280_30_crf_42.mp4,2.1250
UGC0654_720x1280_30_crf_00.mp4,UGC0654_720x1280_30_crf_47.mp4,1.2188
UGC0928_720x1280_30_crf_00.mp4,UGC0928_720x1280_30_crf_00.mp4,5.0000
UGC0928_720x1280_30_crf_00.mp4,UGC0928_720x1280_30_crf_17.mp4,4.4483
UGC0928_720x1280_30_crf_00.mp4,UGC0928_720x1280_30_crf_22.mp4,4.4483
UGC0928_720x1280_30_crf_00.mp4,UGC0928_720x1280_30_crf_27.mp4,4.4828
UGC0928_720x1280_30_crf_00.mp4,UGC0928_720x1280_30_crf_32.mp4,3.9310
UGC0928_720x1280_30_crf_00.mp4,UGC0928_720x1280_30_crf_37.mp4,2.7241
UGC0928_720x1280_30_crf_00.mp4,UGC0928_720x1280_30_crf_42.mp4,1.7241
UGC0928_720x1280_30_crf_00.mp4,UGC0928_720x1280_30_crf_47.mp4,1.2759
UGC0066_720x1280_30_crf_00.mp4,UGC0066_720x1280_30_crf_00.mp4,5.0000
UGC0066_720x1280_30_crf_00.mp4,UGC0066_720x1280_30_crf_17.mp4,4.9091
UGC0066_720x1280_30_crf_00.mp4,UGC0066_720x1280_30_crf_22.mp4,4.7273
UGC0066_720x1280_30_crf_00.mp4,UGC0066_720x1280_30_crf_27.mp4,4.6667
UGC0066_720x1280_30_crf_00.mp4,UGC0066_720x1280_30_crf_32.mp4,4.3333
UGC0066_720x1280_30_crf_00.mp4,UGC0066_720x1280_30_crf_37.mp4,3.0909
UGC0066_720x1280_30_crf_00.mp4,UGC0066_720x1280_30_crf_42.mp4,2.1515
UGC0066_720x1280_30_crf_00.mp4,UGC0066_720x1280_30_crf_47.mp4,1.4848
UGC0786_1280x720_30_crf_00.mp4,UGC0786_1280x720_30_crf_00.mp4,5.0000
UGC0786_1280x720_30_crf_00.mp4,UGC0786_1280x720_30_crf_17.mp4,4.4062
UGC0786_1280x720_30_crf_00.mp4,UGC0786_1280x720_30_crf_22.mp4,4.5000
UGC0786_1280x720_30_crf_00.mp4,UGC0786_1280x720_30_crf_27.mp4,4.2500
UGC0786_1280x720_30_crf_00.mp4,UGC0786_1280x720_30_crf_32.mp4,3.7500
UGC0786_1280x720_30_crf_00.mp4,UGC0786_1280x720_30_crf_37.mp4,2.7188
UGC0786_1280x720_30_crf_00.mp4,UGC0786_1280x720_30_crf_42.mp4,1.9375
UGC0786_1280x720_30_crf_00.mp4,UGC0786_1280x720_30_crf_47.mp4,1.1250
UGC0680_720x1280_30_crf_00.mp4,UGC0680_720x1280_30_crf_00.mp4,5.0000
UGC0680_720x1280_30_crf_00.mp4,UGC0680_720x1280_30_crf_17.mp4,4.6316
UGC0680_720x1280_30_crf_00.mp4,UGC0680_720x1280_30_crf_22.mp4,4.5000
UGC0680_720x1280_30_crf_00.mp4,UGC0680_720x1280_30_crf_27.mp4,4.3158
UGC0680_720x1280_30_crf_00.mp4,UGC0680_720x1280_30_crf_32.mp4,4.0263
UGC0680_720x1280_30_crf_00.mp4,UGC0680_720x1280_30_crf_37.mp4,3.2895
UGC0680_720x1280_30_crf_00.mp4,UGC0680_720x1280_30_crf_42.mp4,2.5526
UGC0680_720x1280_30_crf_00.mp4,UGC0680_720x1280_30_crf_47.mp4,1.5526
UGC0496_720x1280_30_crf_00.mp4,UGC0496_720x1280_30_crf_00.mp4,5.0000
UGC0496_720x1280_30_crf_00.mp4,UGC0496_720x1280_30_crf_17.mp4,4.9032
UGC0496_720x1280_30_crf_00.mp4,UGC0496_720x1280_30_crf_22.mp4,4.9355
UGC0496_720x1280_30_crf_00.mp4,UGC0496_720x1280_30_crf_27.mp4,4.6452
UGC0496_720x1280_30_crf_00.mp4,UGC0496_720x1280_30_crf_32.mp4,3.8710
UGC0496_720x1280_30_crf_00.mp4,UGC0496_720x1280_30_crf_37.mp4,2.8065
UGC0496_720x1280_30_crf_00.mp4,UGC0496_720x1280_30_crf_42.mp4,2.0645
UGC0496_720x1280_30_crf_00.mp4,UGC0496_720x1280_30_crf_47.mp4,1.5161
UGC0467_1280x720_30_crf_00.mp4,UGC0467_1280x720_30_crf_00.mp4,5.0000
UGC0467_1280x720_30_crf_00.mp4,UGC0467_1280x720_30_crf_17.mp4,4.0857
UGC0467_1280x720_30_crf_00.mp4,UGC0467_1280x720_30_crf_22.mp4,4.1429
UGC0467_1280x720_30_crf_00.mp4,UGC0467_1280x720_30_crf_27.mp4,4.7429
UGC0467_1280x720_30_crf_00.mp4,UGC0467_1280x720_30_crf_32.mp4,3.8571
UGC0467_1280x720_30_crf_00.mp4,UGC0467_1280x720_30_crf_37.mp4,3.6000
UGC0467_1280x720_30_crf_00.mp4,UGC0467_1280x720_30_crf_42.mp4,2.6571
UGC0467_1280x720_30_crf_00.mp4,UGC0467_1280x720_30_crf_47.mp4,1.1143
UGC0959_720x1280_30_crf_00.mp4,UGC0959_720x1280_30_crf_00.mp4,5.0000
UGC0959_720x1280_30_crf_00.mp4,UGC0959_720x1280_30_crf_17.mp4,5.0000
UGC0959_720x1280_30_crf_00.mp4,UGC0959_720x1280_30_crf_22.mp4,4.5000
UGC0959_720x1280_30_crf_00.mp4,UGC0959_720x1280_30_crf_27.mp4,4.3611
UGC0959_720x1280_30_crf_00.mp4,UGC0959_720x1280_30_crf_32.mp4,4.2500
UGC0959_720x1280_30_crf_00.mp4,UGC0959_720x1280_30_crf_37.mp4,3.8611
UGC0959_720x1280_30_crf_00.mp4,UGC0959_720x1280_30_crf_42.mp4,2.1944
UGC0959_720x1280_30_crf_00.mp4,UGC0959_720x1280_30_crf_47.mp4,1.2778
UGC0923_720x1280_30_crf_00.mp4,UGC0923_720x1280_30_crf_00.mp4,5.0000
UGC0923_720x1280_30_crf_00.mp4,UGC0923_720x1280_30_crf_17.mp4,2.8857
UGC0923_720x1280_30_crf_00.mp4,UGC0923_720x1280_30_crf_22.mp4,4.2571
UGC0923_720x1280_30_crf_00.mp4,UGC0923_720x1280_30_crf_27.mp4,4.0571
UGC0923_720x1280_30_crf_00.mp4,UGC0923_720x1280_30_crf_32.mp4,3.2857
UGC0923_720x1280_30_crf_00.mp4,UGC0923_720x1280_30_crf_37.mp4,2.5143
UGC0923_720x1280_30_crf_00.mp4,UGC0923_720x1280_30_crf_42.mp4,1.8857
UGC0923_720x1280_30_crf_00.mp4,UGC0923_720x1280_30_crf_47.mp4,1.7429
UGC0530_720x1280_30_crf_00.mp4,UGC0530_720x1280_30_crf_00.mp4,5.0000
UGC0530_720x1280_30_crf_00.mp4,UGC0530_720x1280_30_crf_17.mp4,4.3793
UGC0530_720x1280_30_crf_00.mp4,UGC0530_720x1280_30_crf_22.mp4,4.4828
UGC0530_720x1280_30_crf_00.mp4,UGC0530_720x1280_30_crf_27.mp4,4.2414
UGC0530_720x1280_30_crf_00.mp4,UGC0530_720x1280_30_crf_32.mp4,3.8966
UGC0530_720x1280_30_crf_00.mp4,UGC0530_720x1280_30_crf_37.mp4,2.8966
UGC0530_720x1280_30_crf_00.mp4,UGC0530_720x1280_30_crf_42.mp4,1.7586
UGC0530_720x1280_30_crf_00.mp4,UGC0530_720x1280_30_crf_47.mp4,1.0690
UGC0524_720x1280_30_crf_00.mp4,UGC0524_720x1280_30_crf_00.mp4,5.0000
UGC0524_720x1280_30_crf_00.mp4,UGC0524_720x1280_30_crf_17.mp4,4.6765
UGC0524_720x1280_30_crf_00.mp4,UGC0524_720x1280_30_crf_22.mp4,4.6471
UGC0524_720x1280_30_crf_00.mp4,UGC0524_720x1280_30_crf_27.mp4,4.6765
UGC0524_720x1280_30_crf_00.mp4,UGC0524_720x1280_30_crf_32.mp4,4.3529
UGC0524_720x1280_30_crf_00.mp4,UGC0524_720x1280_30_crf_37.mp4,3.6765
UGC0524_720x1280_30_crf_00.mp4,UGC0524_720x1280_30_crf_42.mp4,2.2059
UGC0524_720x1280_30_crf_00.mp4,UGC0524_720x1280_30_crf_47.mp4,1.5588
UGC0404_1280x720_30_crf_00.mp4,UGC0404_1280x720_30_crf_00.mp4,5.0000
UGC0404_1280x720_30_crf_00.mp4,UGC0404_1280x720_30_crf_17.mp4,4.5588
UGC0404_1280x720_30_crf_00.mp4,UGC0404_1280x720_30_crf_22.mp4,4.4706
UGC0404_1280x720_30_crf_00.mp4,UGC0404_1280x720_30_crf_27.mp4,4.1765
UGC0404_1280x720_30_crf_00.mp4,UGC0404_1280x720_30_crf_32.mp4,3.0588
UGC0404_1280x720_30_crf_00.mp4,UGC0404_1280x720_30_crf_37.mp4,2.3235
UGC0404_1280x720_30_crf_00.mp4,UGC0404_1280x720_30_crf_42.mp4,1.2941
UGC0404_1280x720_30_crf_00.mp4,UGC0404_1280x720_30_crf_47.mp4,1.1765
UGC0689_720x1280_30_crf_00.mp4,UGC0689_720x1280_30_crf_00.mp4,5.0000
UGC0689_720x1280_30_crf_00.mp4,UGC0689_720x1280_30_crf_17.mp4,5.1714
UGC0689_720x1280_30_crf_00.mp4,UGC0689_720x1280_30_crf_22.mp4,5.0857
UGC0689_720x1280_30_crf_00.mp4,UGC0689_720x1280_30_crf_27.mp4,4.3714
UGC0689_720x1280_30_crf_00.mp4,UGC0689_720x1280_30_crf_32.mp4,4.7429
UGC0689_720x1280_30_crf_00.mp4,UGC0689_720x1280_30_crf_37.mp4,4.0857
UGC0689_720x1280_30_crf_00.mp4,UGC0689_720x1280_30_crf_42.mp4,2.8857
UGC0689_720x1280_30_crf_00.mp4,UGC0689_720x1280_30_crf_47.mp4,1.9429
UGC0151_1280x720_30_crf_00.mp4,UGC0151_1280x720_30_crf_00.mp4,5.0000
UGC0151_1280x720_30_crf_00.mp4,UGC0151_1280x720_30_crf_17.mp4,5.0294
UGC0151_1280x720_30_crf_00.mp4,UGC0151_1280x720_30_crf_22.mp4,5.0000
UGC0151_1280x720_30_crf_00.mp4,UGC0151_1280x720_30_crf_27.mp4,4.8824
UGC0151_1280x720_30_crf_00.mp4,UGC0151_1280x720_30_crf_32.mp4,4.7647
UGC0151_1280x720_30_crf_00.mp4,UGC0151_1280x720_30_crf_37.mp4,3.9412
UGC0151_1280x720_30_crf_00.mp4,UGC0151_1280x720_30_crf_42.mp4,2.2941
UGC0151_1280x720_30_crf_00.mp4,UGC0151_1280x720_30_crf_47.mp4,1.4412
UGC0396_720x1280_30_crf_00.mp4,UGC0396_720x1280_30_crf_00.mp4,5.0000
UGC0396_720x1280_30_crf_00.mp4,UGC0396_720x1280_30_crf_17.mp4,4.4211
UGC0396_720x1280_30_crf_00.mp4,UGC0396_720x1280_30_crf_22.mp4,4.3158
UGC0396_720x1280_30_crf_00.mp4,UGC0396_720x1280_30_crf_27.mp4,4.7105
UGC0396_720x1280_30_crf_00.mp4,UGC0396_720x1280_30_crf_32.mp4,4.3158
UGC0396_720x1280_30_crf_00.mp4,UGC0396_720x1280_30_crf_37.mp4,3.3421
UGC0396_720x1280_30_crf_00.mp4,UGC0396_720x1280_30_crf_42.mp4,2.1842
UGC0396_720x1280_30_crf_00.mp4,UGC0396_720x1280_30_crf_47.mp4,1.2105
UGC0102_720x1280_30_crf_00.mp4,UGC0102_720x1280_30_crf_00.mp4,5.0000
UGC0102_720x1280_30_crf_00.mp4,UGC0102_720x1280_30_crf_17.mp4,4.9697
UGC0102_720x1280_30_crf_00.mp4,UGC0102_720x1280_30_crf_22.mp4,4.3333
UGC0102_720x1280_30_crf_00.mp4,UGC0102_720x1280_30_crf_27.mp4,4.2727
UGC0102_720x1280_30_crf_00.mp4,UGC0102_720x1280_30_crf_32.mp4,4.0606
UGC0102_720x1280_30_crf_00.mp4,UGC0102_720x1280_30_crf_37.mp4,3.2121
UGC0102_720x1280_30_crf_00.mp4,UGC0102_720x1280_30_crf_42.mp4,2.7879
UGC0102_720x1280_30_crf_00.mp4,UGC0102_720x1280_30_crf_47.mp4,1.2727
UGC0874_720x1280_30_crf_00.mp4,UGC0874_720x1280_30_crf_00.mp4,5.0000
UGC0874_720x1280_30_crf_00.mp4,UGC0874_720x1280_30_crf_17.mp4,4.5758
UGC0874_720x1280_30_crf_00.mp4,UGC0874_720x1280_30_crf_22.mp4,5.0000
UGC0874_720x1280_30_crf_00.mp4,UGC0874_720x1280_30_crf_27.mp4,4.8788
UGC0874_720x1280_30_crf_00.mp4,UGC0874_720x1280_30_crf_32.mp4,4.1818
UGC0874_720x1280_30_crf_00.mp4,UGC0874_720x1280_30_crf_37.mp4,3.7576
UGC0874_720x1280_30_crf_00.mp4,UGC0874_720x1280_30_crf_42.mp4,2.7576
UGC0874_720x1280_30_crf_00.mp4,UGC0874_720x1280_30_crf_47.mp4,1.7576
UGC0468_1280x720_30_crf_00.mp4,UGC0468_1280x720_30_crf_00.mp4,5.0000
UGC0468_1280x720_30_crf_00.mp4,UGC0468_1280x720_30_crf_17.mp4,4.2727
UGC0468_1280x720_30_crf_00.mp4,UGC0468_1280x720_30_crf_22.mp4,4.3939
UGC0468_1280x720_30_crf_00.mp4,UGC0468_1280x720_30_crf_27.mp4,4.0606
UGC0468_1280x720_30_crf_00.mp4,UGC0468_1280x720_30_crf_32.mp4,3.6667
UGC0468_1280x720_30_crf_00.mp4,UGC0468_1280x720_30_crf_37.mp4,2.6667
UGC0468_1280x720_30_crf_00.mp4,UGC0468_1280x720_30_crf_42.mp4,2.3333
UGC0468_1280x720_30_crf_00.mp4,UGC0468_1280x720_30_crf_47.mp4,1.2121
UGC0770_720x1280_30_crf_00.mp4,UGC0770_720x1280_30_crf_00.mp4,5.0000
UGC0770_720x1280_30_crf_00.mp4,UGC0770_720x1280_30_crf_17.mp4,5.1212
UGC0770_720x1280_30_crf_00.mp4,UGC0770_720x1280_30_crf_22.mp4,4.4848
UGC0770_720x1280_30_crf_00.mp4,UGC0770_720x1280_30_crf_27.mp4,5.0909
UGC0770_720x1280_30_crf_00.mp4,UGC0770_720x1280_30_crf_32.mp4,4.2727
UGC0770_720x1280_30_crf_00.mp4,UGC0770_720x1280_30_crf_37.mp4,3.2727
UGC0770_720x1280_30_crf_00.mp4,UGC0770_720x1280_30_crf_42.mp4,2.3939
UGC0770_720x1280_30_crf_00.mp4,UGC0770_720x1280_30_crf_47.mp4,1.7273
